{
  "SOHome": {
    "ril": 0,
    "azimut": 0,
    "r_ly": 0
  },
  "about": {
    "ril": 79.494627,
    "azimut": 54.071431,
    "r_ly": 15.247187
  },
  "algoritmi": {
    "ril": 128.980276,
    "azimut": -50.370802,
    "r_ly": 19.9772
  },
  "alg_ibridi": {
    "ril": 136.110245,
    "azimut": -38.115623,
    "r_ly": 21.802114
  },
  "alg_neurali": {
    "ril": 120.447812,
    "azimut": -63.443981,
    "r_ly": 23.185477
  },
  "alg_statistici": {
    "ril": 152.204318,
    "azimut": -24.661204,
    "r_ly": 20.912884
  },
  "archivio": {
    "ril": 118.663986,
    "azimut": 23.661391,
    "r_ly": 11.383746
  },
  "laboratorio": {
    "ril": 18.882431,
    "azimut": 11.504821,
    "r_ly": 16.832911
  },
  "news": {
    "ril": 332.190644,
    "azimut": -6.244118,
    "r_ly": 14.216415
  },
  "oracle": {
    "ril": 305.32595,
    "azimut": 28.401414,
    "r_ly": 15.442274
  },
  "policy": {
    "ril": 358.279861,
    "azimut": 32.373411,
    "r_ly": 13.015542
  },
  "proposte": {
    "ril": 51.772318,
    "azimut": 17.844203,
    "r_ly": 17.104292
  },
  "ranking": {
    "ril": 224.532569,
    "azimut": 45.822745,
    "r_ly": 14.891123
  },
  "spotlight": {
    "ril": 167.765468,
    "azimut": 1.994631,
    "r_ly": 17.723475
  },
  "statistiche": {
    "ril": 349.322854,
    "azimut": -28.963196,
    "r_ly": 15.610453
  },
  "super6nn": {
    "ril": 312.241606,
    "azimut": -79.560729,
    "r_ly": 10.634255
  }
}
